{
  "$schema": "https://schema.management.azure.com/schemas/2015-01-01/deploymentTemplate.json#",
  "contentVersion": "1.0.0.0",
  "parameters": {
    "storageAccountName": {
      "defaultValue": "nirajgsa",
      "type": "String"
    },
   },
  "variables": {
    "applianceInfraResourceGroupId": "[concat(resourceGroup().id,uniquestring(resourceGroup().id))]"
  },
  "resources": [
    {
      "type": "Microsoft.Solutions/appliances",
      "name": "[parameters('applianceName')]",
      "apiVersion": "2016-09-01-preview",
      "location": "brazil",
      "kind":"ServiceCatalog",
      "properties": {
        "ManagedResourceGroupId": "[variables('applianceinfraresourcegroupId')]",
        "Parameters": {
          "storageAccountName": {
            "value": "[parameters('storageAccountName')]"
          },
        }
      }
    }
  ],
  "outputs": {
    "hostname": {
      "type": "String",
      "value": "[reference(parameters('applianceName')).outputs.hostname.value]"
    }
  }
}